height,weight,label
178,70,normal
181,68,normal
123,51,fat
161,76,fat
182,47,thin
155,41,thin
157,38,thin
188,66,normal
166,71,fat
181,64,normal
194,46,thin
175,47,thin
150,64,fat
197,42,thin
127,40,normal
187,60,thin
134,41,normal
161,46,thin
174,54,thin
184,60,thin
145,59,fat
184,65,normal
177,62,normal
143,70,fat
194,66,thin
120,53,fat
177,52,thin
124,70,fat
188,47,thin
151,63,fat
139,69,fat
128,53,fat
128,75,fat
149,57,fat
171,60,normal
171,71,normal
191,79,normal
195,40,thin
126,72,fat
146,48,normal
186,35,thin
183,71,normal
163,42,thin
155,36,thin
148,52,normal
154,43,thin
137,60,fat
143,36,thin
149,73,fat
151,35,thin
153,67,fat
195,67,thin
180,43,thin
184,42,thin
163,79,fat
130,49,fat
191,66,thin
143,61,fat
186,61,thin
120,49,fat
135,47,fat
134,53,fat
161,36,thin
126,66,fat
140,79,fat
166,72,fat
200,49,thin
132,44,fat
122,40,fat
167,61,normal
129,57,fat
172,45,thin
188,47,thin
153,52,normal
131,42,normal
160,41,thin
129,45,fat
120,65,fat
196,37,thin
185,52,thin
177,65,normal
151,46,normal
147,35,thin
188,46,thin
200,61,thin
187,40,thin
173,47,thin
128,80,fat
150,68,fat
191,76,normal
125,48,fat
152,51,normal
198,60,thin
171,60,normal
161,61,normal
170,61,normal
121,59,fat
173,43,thin
167,57,normal
131,40,normal
173,78,fat
166,71,fat
142,60,fat
189,67,normal
165,49,thin
159,38,thin
200,56,thin
146,71,fat
200,74,normal
138,56,fat
153,39,thin
127,57,fat
165,78,fat
180,48,thin
131,54,fat
144,78,fat
176,62,normal
171,79,fat
147,46,normal
199,77,normal
137,77,fat
141,69,fat
191,47,thin
177,48,thin
196,65,thin
127,71,fat
187,55,thin
133,60,fat
147,54,normal
120,59,fat
155,76,fat
162,61,normal
195,77,normal
164,69,fat
180,52,thin
194,74,normal
126,38,normal
158,80,fat
200,72,thin
128,46,fat
162,39,thin
200,44,thin
143,43,normal
189,42,thin
185,59,thin
166,49,thin
156,71,fat
149,59,fat
122,63,fat
189,44,thin
140,35,thin
176,54,thin
130,63,fat
177,68,normal
120,74,fat
141,65,fat
134,61,fat
190,75,normal
131,53,fat
163,78,fat
199,69,thin
137,61,fat
151,57,normal
184,74,normal
190,61,thin
171,56,normal
160,51,normal
172,45,thin
158,54,normal
194,45,thin
153,49,normal
198,39,thin
173,52,thin
165,62,normal
175,76,normal
161,67,fat
152,79,fat
138,80,fat
124,40,fat
182,63,normal
158,39,thin
189,78,normal
185,42,thin
199,73,thin
127,76,fat
192,55,thin
149,39,thin
193,77,normal
151,48,normal
192,66,thin
168,69,normal
184,56,thin
188,50,thin
173,47,thin
186,38,thin
188,37,thin
127,70,fat
180,64,normal
176,37,thin
171,59,normal
193,67,thin
124,66,fat
124,71,fat
126,61,fat
127,51,fat
140,78,fat
159,46,thin
166,65,normal
172,59,normal
190,44,thin
179,36,thin
165,66,normal
157,50,normal
198,71,thin
199,68,thin
132,50,fat
195,65,thin
154,40,thin
156,43,thin
134,80,fat
130,65,fat
126,57,fat
142,40,normal
184,61,thin
152,73,fat
124,55,fat
189,47,thin
122,42,fat
136,59,fat
173,60,normal
180,67,normal
122,47,fat
185,63,thin
124,64,fat
171,36,thin
137,41,normal
141,70,fat
147,78,fat
145,68,fat
122,72,fat
140,72,fat
165,38,thin
124,77,fat
152,52,normal
124,65,fat
170,45,thin
177,75,normal
167,35,thin
166,44,thin
176,46,thin
190,77,normal
146,67,fat
167,46,thin
127,37,normal
157,41,thin
126,55,fat
190,36,thin
166,56,normal
197,62,thin
183,72,normal
186,42,thin
140,48,normal
126,35,normal
166,43,thin
183,46,thin
129,36,normal
160,53,normal
137,65,fat
132,39,normal
165,71,fat
171,41,thin
186,60,thin
127,37,normal
143,56,fat
152,44,normal
122,36,normal
122,44,fat
200,50,thin
166,62,normal
138,45,normal
124,47,fat
145,79,fat
126,64,fat
156,42,thin
164,42,thin
139,54,fat
133,77,fat
189,74,normal
150,67,fat
194,75,normal
142,56,fat
128,35,normal
150,71,fat
144,55,fat
170,40,thin
195,47,thin
165,38,thin
153,78,fat
165,69,fat
127,59,fat
151,40,thin
168,57,normal
159,45,thin
188,57,thin
190,47,thin
122,39,fat
125,63,fat
157,62,fat
126,72,fat
134,72,fat
166,62,normal
133,67,fat
139,55,fat
177,48,thin
161,40,thin
186,38,thin
148,40,thin
128,63,fat
154,44,normal
191,72,normal
176,78,fat
187,41,thin
150,78,fat
179,76,normal
129,51,fat
193,48,thin
176,77,normal
196,60,thin
169,54,normal
143,36,thin
186,62,thin
195,36,thin
155,46,normal
180,63,normal
165,63,normal
138,64,fat
156,45,thin
176,64,normal
167,45,thin
142,65,fat
177,66,normal
180,35,thin
131,46,fat
188,74,normal
195,80,normal
126,56,fat
193,42,thin
177,66,normal
140,72,fat
143,73,fat
151,77,fat
120,76,fat
177,36,thin
152,79,fat
184,68,normal
175,66,normal
157,77,fat
190,53,thin
129,65,fat
160,80,fat
176,64,normal
123,75,fat
182,55,thin
130,70,fat
165,61,normal
152,42,thin
153,67,fat
169,45,thin
192,43,thin
156,55,normal
199,65,thin
141,38,normal
175,43,thin
139,54,fat
174,45,thin
129,49,fat
122,72,fat
126,44,fat
135,57,fat
148,42,normal
189,71,normal
134,51,fat
131,39,normal
163,36,thin
153,54,normal
137,67,fat
177,45,thin
158,74,fat
183,59,thin
161,41,thin
125,61,fat
172,57,normal
164,67,normal
129,49,fat
148,61,fat
165,58,normal
158,40,thin
183,76,normal
138,80,fat
170,49,thin
158,46,thin
191,60,thin
196,49,thin
164,60,normal
187,50,thin
154,79,fat
141,44,normal
163,47,thin
124,65,fat
164,51,normal
160,66,fat
198,47,thin
128,38,normal
127,43,fat
192,58,thin
144,52,fat
122,71,fat
135,79,fat
139,58,fat
199,71,thin
146,41,normal
171,50,thin
121,58,fat
144,61,fat
166,76,fat
157,42,thin
142,76,fat
159,64,fat
132,63,fat
168,80,fat
199,40,thin
192,35,thin
122,79,fat
142,57,fat
193,77,normal
185,46,thin
178,63,normal
143,58,fat
168,72,fat
173,80,fat
189,76,normal
160,38,thin
152,35,thin
140,43,normal
179,38,thin
193,50,thin
122,67,fat
180,79,normal
191,59,thin
134,80,fat
189,37,thin
173,46,thin
200,56,thin
185,44,thin
195,45,thin
139,47,normal
135,63,fat
166,65,normal
130,49,fat
123,39,fat
155,47,normal
150,57,fat
169,60,normal
156,49,normal
121,60,fat
186,73,normal
188,73,normal
194,67,thin
159,66,fat
139,71,fat
127,64,fat
176,79,fat
122,37,normal
199,44,thin
145,56,fat
151,74,fat
200,40,thin
162,51,normal
132,57,fat
180,68,normal
172,78,fat
173,36,thin
160,73,fat
171,64,normal
176,41,thin
181,57,thin
127,62,fat
169,43,thin
135,55,fat
167,62,normal
141,38,normal
194,62,thin
158,48,normal
185,76,normal
194,36,thin
164,42,thin
178,53,thin
153,72,fat
142,38,normal
144,64,fat
157,68,fat
184,56,thin
132,61,fat
163,49,thin
199,79,normal
184,73,normal
153,37,thin
171,50,thin
166,67,normal
178,71,normal
188,36,thin
195,58,thin
170,45,thin
185,67,normal
127,77,fat
200,47,thin
174,52,thin
123,49,fat
163,66,normal
185,52,thin
182,46,thin
196,74,normal
135,46,fat
178,62,normal
184,52,thin
131,58,fat
166,80,fat
187,78,normal
185,73,normal
125,62,fat
171,42,thin
132,60,fat
157,47,normal
130,72,fat
166,64,normal
167,60,normal
184,39,thin
124,36,normal
173,59,normal
193,72,normal
174,36,thin
150,39,thin
197,74,normal
124,61,fat
162,54,normal
149,67,fat
157,73,fat
131,44,fat
132,69,fat
141,56,fat
153,63,fat
164,58,normal
188,41,thin
167,56,normal
162,49,normal
181,46,thin
151,38,thin
126,61,fat
173,74,normal
157,48,normal
181,71,normal
184,44,thin
187,49,thin
171,75,fat
144,43,normal
162,65,normal
188,49,thin
123,62,fat
126,51,fat
169,66,normal
197,61,thin
120,61,fat
137,60,fat
147,64,fat
195,76,normal
193,57,thin
197,50,thin
147,77,fat
167,58,normal
176,79,fat
158,40,thin
141,76,fat
147,62,fat
140,49,fat
124,54,fat
143,43,normal
200,68,thin
145,55,fat
159,66,fat
159,58,normal
163,66,normal
141,63,fat
160,71,fat
197,59,thin
161,38,thin
121,71,fat
157,60,normal
159,56,normal
143,74,fat
122,36,normal
163,55,normal
130,69,fat
156,35,thin
160,38,thin
193,66,thin
129,43,fat
184,67,normal
199,54,thin
146,63,fat
194,72,normal
188,52,thin
185,50,thin
181,43,thin
147,72,fat
188,40,thin
132,43,normal
200,76,normal
128,73,fat
185,43,thin
183,68,normal
160,47,thin
186,71,normal
164,39,thin
149,64,fat
126,61,fat
122,66,fat
195,78,normal
187,56,thin
144,35,thin
148,62,fat
156,52,normal
120,45,fat
148,47,normal
154,76,fat
131,66,fat
195,80,normal
160,74,fat
143,42,normal
137,58,fat
178,75,normal
183,78,normal
168,49,thin
180,57,thin
148,63,fat
184,76,normal
158,53,normal
190,73,normal
166,36,thin
151,37,thin
148,47,normal
188,73,normal
130,79,fat
137,71,fat
187,53,thin
158,63,fat
181,60,thin
186,43,thin
130,58,fat
198,40,thin
142,35,thin
125,77,fat
130,37,normal
148,44,normal
160,43,thin
142,67,fat
149,61,fat
183,80,normal
133,46,fat
133,49,fat
191,50,thin
182,60,thin
150,39,thin
162,72,fat
123,48,fat
141,66,fat
167,50,thin
164,62,normal
125,51,fat
190,57,thin
192,80,normal
150,66,fat
172,69,normal
192,45,thin
154,52,normal
178,41,thin
135,60,fat
194,68,thin
129,60,fat
122,58,fat
197,62,thin
187,56,thin
133,55,fat
138,44,normal
195,69,thin
181,65,normal
171,67,normal
136,60,fat
141,45,normal
157,51,normal
187,73,normal
164,70,fat
138,61,fat
181,75,normal
191,42,thin
132,61,fat
120,51,fat
187,51,thin
196,75,normal
133,59,fat
181,51,thin
123,74,fat
150,75,fat
189,44,thin
149,48,normal
120,64,fat
134,60,fat
193,66,thin
182,53,thin
136,45,normal
153,68,fat
195,47,thin
125,55,fat
194,64,thin
172,61,normal
157,49,normal
184,45,thin
131,70,fat
179,78,normal
175,42,thin
131,56,fat
163,72,fat
126,44,fat
121,49,fat
176,69,normal
157,42,thin
144,61,fat
121,47,fat
155,43,thin
145,63,fat
137,40,normal
125,54,fat
200,78,normal
162,51,normal
125,75,fat
142,52,fat
200,41,thin
185,80,normal
155,39,thin
123,47,fat
185,51,thin
131,73,fat
132,69,fat
129,69,fat
148,63,fat
129,51,fat
127,67,fat
195,36,thin
172,72,normal
163,52,normal
186,72,normal
135,67,fat
198,75,normal
128,66,fat
182,74,normal
135,67,fat
183,58,thin
139,52,fat
136,63,fat
141,62,fat
176,45,thin
186,36,thin
122,49,fat
177,60,normal
149,65,fat
185,46,thin
181,72,normal
138,59,fat
135,76,fat
124,49,fat
179,77,normal
125,49,fat
192,47,thin
159,56,normal
123,43,fat
185,62,thin
131,59,fat
194,56,thin
175,38,thin
148,51,normal
138,73,fat
196,49,thin
135,39,normal
145,71,fat
129,63,fat
132,46,fat
187,40,thin
193,49,thin
158,74,fat
160,65,fat
188,57,thin
180,42,thin
124,66,fat
163,65,normal
178,45,thin
139,68,fat
150,40,thin
184,47,thin
131,51,fat
132,36,normal
176,36,thin
146,40,normal
142,73,fat
194,77,normal
174,76,fat
165,50,thin
192,68,thin
154,53,normal
198,72,thin
133,69,fat
133,76,fat
121,78,fat
153,46,normal
185,76,normal
190,76,normal
200,79,normal
149,40,thin
152,45,normal
130,71,fat
196,78,normal
169,71,normal
200,40,thin
131,37,normal
132,57,fat
148,63,fat
183,41,thin
127,37,normal
186,79,normal
178,78,normal
134,79,fat
128,69,fat
145,44,normal
166,65,normal
199,36,thin
159,72,fat
199,51,thin
140,50,fat
184,67,normal
198,73,normal
134,45,fat
173,44,thin
183,38,thin
176,68,normal
148,40,thin
147,57,fat
159,41,thin
184,79,normal
163,38,thin
187,65,normal
142,43,normal
166,60,normal
157,62,fat
153,73,fat
180,55,thin
127,58,fat
148,57,fat
182,38,thin
172,56,normal
196,61,thin
128,76,fat
162,42,thin
195,63,thin
141,37,normal
186,54,thin
133,62,fat
184,79,normal
178,54,thin
187,65,normal
196,48,thin
148,72,fat
163,46,thin
180,35,thin
143,36,thin
125,68,fat
151,54,normal
158,58,normal
123,71,fat
180,44,thin
185,79,normal
176,41,thin
199,37,thin
174,62,normal
172,41,thin
125,53,fat
121,39,fat
146,51,normal
191,71,normal
187,58,thin
129,41,normal
131,39,normal
197,73,normal
159,41,thin
199,47,thin
185,60,thin
142,41,normal
145,35,thin
142,49,normal
141,41,normal
127,36,normal
181,71,normal
165,53,normal
154,57,normal
136,36,normal
197,61,thin
131,75,fat
196,46,thin
196,78,normal
136,52,fat
140,72,fat
122,66,fat
135,73,fat
146,48,normal
186,68,normal
123,68,fat
151,56,normal
121,61,fat
158,66,fat
126,65,fat
182,61,thin
126,58,fat
127,35,normal
135,44,normal
170,57,normal
134,36,normal
167,62,normal
192,58,thin
156,65,fat
186,70,normal
138,57,fat
182,51,thin
139,80,fat
140,61,fat
151,73,fat
167,40,thin
151,40,thin
176,44,thin
144,48,normal
186,42,thin
188,65,thin
134,66,fat
134,67,fat
125,35,normal
180,57,thin
172,61,normal
168,59,normal
158,57,normal
127,77,fat
122,63,fat
182,42,thin
195,36,thin
133,38,normal
158,80,fat
147,46,normal
149,79,fat
173,61,normal
152,50,normal
151,55,normal
169,45,thin
147,43,normal
188,72,normal
192,42,thin
196,75,normal
121,72,fat
185,56,thin
134,60,fat
159,44,thin
179,48,thin
196,80,normal
145,49,normal
148,56,fat
168,66,normal
127,38,normal
192,60,thin
198,69,thin
185,50,thin
155,72,fat
123,38,fat
150,38,thin
142,79,fat
181,63,normal
132,52,fat
191,66,thin
149,50,normal
161,74,fat
175,67,normal
188,36,thin
150,40,thin
176,69,normal
198,40,thin
190,47,thin
154,36,thin
195,48,thin
148,67,fat
172,51,thin
189,66,thin
134,65,fat
156,63,fat
150,45,normal
198,41,thin
158,56,normal
194,47,thin
154,66,fat
136,52,fat
187,60,thin
163,36,thin
182,53,thin
176,75,normal
149,57,fat
184,50,thin
138,66,fat
183,40,thin
177,61,normal
171,64,normal
182,47,thin
185,44,thin
128,74,fat
191,80,normal
157,53,normal
186,65,normal
180,61,normal
146,76,fat
193,60,thin
155,37,thin
190,49,thin
121,60,fat
128,52,fat
189,42,thin
155,64,fat
149,72,fat
184,36,thin
153,48,normal
176,67,normal
178,79,normal
127,39,normal
130,69,fat
148,74,fat
200,40,thin
158,74,fat
127,78,fat
169,75,fat
150,53,normal
140,53,fat
156,62,fat
160,54,normal
175,38,thin
160,79,fat
171,55,normal
144,63,fat
179,74,normal
179,71,normal
187,49,thin
133,53,fat
130,39,normal
145,75,fat
184,48,thin
171,58,normal
146,51,normal
193,54,thin
195,46,thin
135,52,fat
198,41,thin
136,59,fat
176,67,normal
150,44,normal
126,65,fat
162,72,fat
199,73,thin
125,59,fat
127,52,fat
130,58,fat
125,70,fat
149,67,fat
156,74,fat
183,44,thin
195,58,thin
164,70,fat
162,35,thin
130,41,normal
129,50,fat
178,67,normal
197,36,thin
130,72,fat
137,42,normal
133,57,fat
139,58,fat
170,54,normal
194,61,thin
160,49,normal
134,69,fat
188,50,thin
191,73,normal
172,39,thin
151,44,normal
167,49,thin
140,50,fat
144,51,normal
137,36,normal
189,55,thin
123,67,fat
128,55,fat
156,40,thin
144,44,normal
128,47,fat
167,50,thin
175,53,thin
194,74,normal
130,77,fat
150,71,fat
196,67,thin
134,60,fat
191,35,thin
128,42,fat
138,64,fat
150,52,normal
128,59,fat
159,38,thin
152,41,thin
145,43,normal
183,38,thin
136,45,normal
198,74,normal
128,63,fat
194,51,thin
126,53,fat
124,40,fat
184,36,thin
121,58,fat
127,76,fat
149,53,normal
179,39,thin
137,69,fat
173,67,normal
120,60,fat
164,65,normal
177,44,thin
190,80,normal
145,40,normal
155,42,thin
192,80,normal
121,59,fat
200,50,thin
153,35,thin
137,79,fat
176,38,thin
156,78,fat
146,51,normal
138,67,fat
140,56,fat
121,70,fat
198,37,thin
131,68,fat
159,50,normal
158,69,fat
164,49,thin
181,35,thin
134,65,fat
137,35,normal
177,53,thin
187,74,normal
172,57,normal
142,66,fat
200,55,thin
149,65,fat
158,79,fat
129,50,fat
149,55,normal
193,78,normal
181,40,thin
144,66,fat
148,42,normal
196,63,thin
176,45,thin
167,54,normal
130,50,fat
151,58,fat
188,53,thin
179,58,thin
156,70,fat
174,45,thin
129,37,normal
138,60,fat
159,66,fat
143,70,fat
164,73,fat
174,71,normal
199,73,thin
121,58,fat
178,58,thin
141,45,normal
158,55,normal
156,58,normal
174,39,thin
189,40,thin
143,44,normal
147,72,fat
131,69,fat
180,68,normal
190,68,normal
194,37,thin
183,78,normal
174,56,thin
139,44,normal
149,60,fat
158,62,normal
169,38,thin
171,35,thin
170,35,thin
153,41,thin
134,64,fat
146,64,fat
193,46,thin
169,44,thin
173,50,thin
141,60,fat
164,79,fat
175,41,thin
155,73,fat
150,59,fat
148,76,fat
121,47,fat
162,35,thin
194,62,thin
166,59,normal
170,62,normal
126,41,fat
196,46,thin
193,48,thin
184,79,normal
182,80,normal
167,80,fat
136,52,fat
188,76,normal
121,56,fat
170,66,normal
169,75,fat
139,41,normal
146,65,fat
169,40,thin
133,58,fat
179,71,normal
165,72,fat
195,63,thin
192,39,thin
148,80,fat
120,78,fat
133,44,normal
177,79,fat
139,78,fat
193,64,thin
164,44,thin
120,77,fat
171,70,normal
154,52,normal
144,74,fat
135,80,fat
151,62,fat
161,56,normal
131,57,fat
159,46,thin
150,46,normal
171,61,normal
197,61,thin
143,75,fat
154,67,fat
160,60,normal
161,43,thin
185,72,normal
143,43,normal
135,69,fat
128,53,fat
192,37,thin
164,67,normal
123,73,fat
186,38,thin
184,59,thin
121,43,fat
181,48,thin
179,44,thin
131,55,fat
195,57,thin
165,49,thin
124,77,fat
133,48,fat
175,37,thin
177,63,normal
181,77,normal
148,51,normal
154,68,fat
197,73,normal
120,68,fat
132,57,fat
164,49,thin
165,52,normal
140,61,fat
125,40,fat
198,71,thin
149,70,fat
187,74,normal
156,77,fat
199,75,normal
147,47,normal
184,65,normal
121,71,fat
147,43,normal
166,72,fat
145,52,normal
156,80,fat
129,69,fat
160,72,fat
163,50,normal
136,48,fat
186,58,thin
151,69,fat
156,65,fat
164,36,thin
182,78,normal
158,53,normal
185,60,thin
141,56,fat
154,40,thin
163,56,normal
123,68,fat
120,73,fat
130,49,fat
184,76,normal
173,43,thin
122,80,fat
152,41,thin
176,65,normal
182,53,thin
157,54,normal
164,67,normal
127,47,fat
183,39,thin
127,74,fat
138,73,fat
162,49,normal
175,45,thin
123,69,fat
156,76,fat
200,36,thin
150,74,fat
162,65,normal
200,60,thin
169,53,normal
152,67,fat
197,45,thin
137,67,fat
199,42,thin
187,65,normal
192,80,normal
140,62,fat
145,69,fat
129,77,fat
164,75,fat
153,68,fat
170,72,normal
173,73,normal
176,55,thin
140,79,fat
182,65,normal
180,66,normal
184,72,normal
198,55,thin
158,67,fat
141,67,fat
171,70,normal
140,74,fat
169,79,fat
168,53,normal
126,38,normal
142,43,normal
168,37,thin
169,70,normal
170,67,normal
142,36,thin
181,78,normal
168,36,thin
132,78,fat
126,79,fat
162,39,thin
155,78,fat
186,79,normal
186,61,thin
190,55,thin
185,65,normal
162,68,fat
150,35,thin
132,52,fat
189,52,thin
128,48,fat
122,80,fat
150,63,fat
161,65,fat
181,48,thin
126,49,fat
135,75,fat
183,44,thin
153,53,normal
178,57,thin
139,48,normal
125,61,fat
138,40,normal
136,44,normal
169,44,thin
184,64,normal
125,69,fat
127,57,fat
129,73,fat
170,50,thin
140,76,fat
146,73,fat
168,75,fat
145,80,fat
136,71,fat
181,70,normal
151,50,normal
183,70,normal
191,36,thin
200,52,thin
162,70,fat
122,39,fat
179,77,normal
130,79,fat
184,57,thin
144,78,fat
185,45,thin
159,60,normal
129,76,fat
151,78,fat
180,42,thin
200,70,thin
160,71,fat
122,38,fat
167,47,thin
156,77,fat
170,67,normal
120,45,fat
157,73,fat
154,61,fat
152,56,normal
194,74,normal
168,48,thin
150,60,fat
159,41,thin
161,48,normal
129,55,fat
195,39,thin
199,46,thin
134,41,normal
145,57,fat
188,37,thin
166,37,thin
141,38,normal
172,68,normal
120,77,fat
173,67,normal
182,37,thin
168,53,normal
163,66,normal
181,41,thin
127,37,normal
196,68,thin
167,42,thin
150,77,fat
168,67,normal
146,78,fat
178,58,thin
175,67,normal
132,58,fat
168,57,normal
199,61,thin
123,61,fat
153,56,normal
146,39,thin
137,43,normal
175,61,normal
182,45,thin
191,49,thin
165,48,thin
180,78,normal
179,46,thin
152,54,normal
122,45,fat
195,65,thin
160,56,normal
180,69,normal
199,60,thin
123,43,fat
158,47,normal
167,51,thin
125,36,normal
121,69,fat
146,75,fat
182,69,normal
199,38,thin
188,55,thin
162,67,fat
164,41,thin
146,39,thin
158,47,normal
126,43,fat
156,57,normal
145,53,fat
166,49,thin
153,36,thin
146,39,thin
165,47,thin
174,78,fat
121,48,fat
142,64,fat
122,41,fat
173,66,normal
151,45,normal
200,71,thin
157,41,thin
127,49,fat
169,62,normal
150,64,fat
175,64,normal
148,67,fat
128,50,fat
132,50,fat
180,74,normal
175,48,thin
179,70,normal
123,77,fat
170,61,normal
178,58,thin
136,62,fat
120,51,fat
200,69,thin
142,74,fat
158,69,fat
183,44,thin
167,79,fat
180,51,thin
169,39,thin
170,71,normal
146,38,thin
192,47,thin
139,39,normal
166,75,fat
181,65,normal
133,77,fat
133,45,fat
183,55,thin
128,74,fat
159,65,fat
149,37,thin
191,71,normal
162,53,normal
129,77,fat
162,75,fat
125,44,fat
187,38,thin
135,37,normal
122,62,fat
146,66,fat
140,55,fat
158,67,fat
173,41,thin
165,45,thin
189,60,thin
134,59,fat
146,36,thin
179,46,thin
151,74,fat
149,52,normal
161,50,normal
152,53,normal
127,37,normal
173,57,normal
144,57,fat
146,48,normal
137,77,fat
173,60,normal
181,75,normal
120,49,fat
137,49,fat
156,74,fat
137,68,fat
184,70,normal
155,40,thin
132,69,fat
120,66,fat
149,41,thin
158,45,thin
174,38,thin
150,73,fat
157,56,normal
165,44,thin
138,61,fat
122,58,fat
126,76,fat
142,62,fat
163,44,thin
162,68,fat
178,70,normal
166,68,normal
178,35,thin
133,64,fat
156,69,fat
167,70,fat
198,42,thin
145,78,fat
189,41,thin
132,56,fat
189,64,thin
124,45,fat
148,69,fat
150,54,normal
139,44,normal
154,37,thin
136,45,normal
134,63,fat
185,60,thin
158,44,thin
175,80,fat
192,65,thin
139,71,fat
191,38,thin
198,55,thin
186,50,thin
165,80,fat
139,40,normal
156,59,normal
188,75,normal
184,40,thin
184,36,thin
181,59,thin
131,45,fat
124,60,fat
155,35,thin
192,55,thin
154,78,fat
150,65,fat
195,78,normal
183,66,normal
141,61,fat
169,51,thin
120,43,fat
123,58,fat
174,54,thin
161,43,thin
167,44,thin
182,42,thin
197,69,thin
181,79,normal
171,51,thin
167,69,normal
153,67,fat
137,36,normal
154,68,fat
166,40,thin
148,42,normal
122,63,fat
199,45,thin
179,57,thin
147,67,fat
125,57,fat
195,55,thin
156,49,normal
189,77,normal
192,51,thin
159,47,normal
125,36,normal
199,46,thin
178,61,normal
194,59,thin
121,44,fat
159,58,normal
176,53,thin
159,64,fat
170,41,thin
182,68,normal
194,59,thin
190,52,thin
164,76,fat
144,46,normal
129,54,fat
120,69,fat
130,54,fat
189,77,normal
124,57,fat
132,45,fat
197,56,thin
143,72,fat
121,38,fat
200,37,thin
133,67,fat
153,63,fat
152,62,fat
159,53,normal
165,44,thin
128,37,normal
156,75,fat
188,53,thin
192,70,normal
175,60,normal
145,56,fat
123,47,fat
141,51,fat
149,46,normal
138,35,thin
194,36,thin
154,40,thin
173,57,normal
199,49,thin
156,46,normal
185,59,thin
140,41,normal
121,53,fat
136,41,normal
186,70,normal
123,56,fat
139,53,fat
174,52,thin
181,64,normal
184,58,thin
171,78,fat
199,55,thin
131,42,normal
124,49,fat
137,79,fat
138,62,fat
140,63,fat
186,50,thin
191,65,thin
121,37,fat
133,39,normal
188,62,thin
171,63,normal
195,44,thin
121,71,fat
129,42,fat
132,48,fat
186,58,thin
129,38,normal
123,72,fat
183,74,normal
199,51,thin
148,37,thin
151,78,fat
147,39,thin
160,43,thin
122,42,fat
156,78,fat
122,73,fat
125,79,fat
148,62,fat
187,46,thin
145,36,thin
151,52,normal
123,49,fat
135,80,fat
171,40,thin
141,72,fat
136,48,fat
187,77,normal
154,55,normal
121,62,fat
132,53,fat
192,66,thin
142,74,fat
144,46,normal
158,52,normal
166,49,thin
161,47,thin
162,46,thin
156,37,thin
170,59,normal
172,66,normal
140,47,normal
184,55,thin
157,60,normal
179,43,thin
132,43,normal
133,74,fat
198,41,thin
165,48,thin
144,40,normal
163,70,fat
171,49,thin
147,57,fat
138,49,fat
131,52,fat
124,59,fat
175,72,normal
127,61,fat
140,69,fat
139,39,normal
189,58,thin
175,48,thin
186,40,thin
173,39,thin
187,79,normal
165,46,thin
178,39,thin
172,62,normal
151,59,fat
126,80,fat
134,49,fat
124,38,normal
142,69,fat
142,41,normal
172,37,thin
181,77,normal
127,79,fat
120,52,fat
187,37,thin
181,50,thin
189,76,normal
194,78,normal
174,64,normal
151,60,fat
180,54,thin
177,43,thin
150,41,thin
150,48,normal
180,62,normal
153,35,thin
150,56,normal
162,51,normal
161,60,normal
174,65,normal
181,57,thin
131,69,fat
175,52,thin
134,38,normal
155,73,fat
161,57,normal
192,66,thin
174,57,normal
184,77,normal
185,62,thin
186,63,thin
134,68,fat
165,65,normal
195,44,thin
178,51,thin
133,50,fat
142,66,fat
120,60,fat
160,80,fat
196,56,thin
133,42,normal
123,55,fat
183,52,thin
134,64,fat
127,40,normal
188,65,thin
161,70,fat
158,80,fat
154,41,thin
152,56,normal
179,58,thin
167,59,normal
182,69,normal
176,58,normal
133,62,fat
147,66,fat
152,63,fat
135,59,fat
191,52,thin
181,63,normal
148,68,fat
153,56,normal
187,78,normal
148,65,fat
186,62,thin
127,38,normal
147,72,fat
146,75,fat
199,56,thin
139,55,fat
168,58,normal
177,72,normal
199,78,normal
138,63,fat
155,50,normal
134,38,normal
135,69,fat
150,59,fat
135,48,fat
159,45,thin
176,42,thin
138,64,fat
121,41,fat
186,52,thin
174,42,thin
186,43,thin
147,57,fat
140,49,fat
151,62,fat
184,68,normal
149,69,fat
187,79,normal
139,61,fat
122,45,fat
180,46,thin
196,63,thin
175,65,normal
177,54,thin
125,48,fat
133,46,fat
190,45,thin
149,57,fat
162,47,thin
144,57,fat
175,65,normal
133,35,normal
168,77,fat
174,63,normal
150,62,fat
172,46,thin
167,67,normal
186,75,normal
154,52,normal
195,51,thin
156,55,normal
194,41,thin
163,69,fat
175,56,thin
130,79,fat
175,49,thin
158,74,fat
122,69,fat
192,54,thin
168,62,normal
174,60,normal
133,36,normal
181,70,normal
180,60,normal
188,73,normal
183,54,thin
141,64,fat
137,50,fat
126,69,fat
153,38,thin
137,47,fat
128,79,fat
166,47,thin
165,73,fat
142,70,fat
171,55,normal
120,61,fat
167,72,fat
180,64,normal
135,64,fat
157,54,normal
146,58,fat
188,51,thin
162,37,thin
170,67,normal
147,60,fat
197,47,thin
161,57,normal
157,40,thin
126,45,fat
165,51,normal
129,45,fat
164,47,thin
183,58,thin
177,46,thin
161,57,normal
169,56,normal
152,43,normal
192,74,normal
148,61,fat
149,48,normal
127,53,fat
129,46,fat
132,61,fat
149,64,fat
123,66,fat
181,77,normal
189,60,thin
158,76,fat
125,69,fat
145,80,fat
149,42,normal
196,75,normal
157,78,fat
155,51,normal
129,73,fat
190,75,normal
128,79,fat
159,45,thin
148,70,fat
165,74,fat
127,48,fat
177,78,normal
196,48,thin
133,55,fat
177,52,thin
152,42,thin
124,48,fat
139,35,thin
125,73,fat
120,65,fat
140,71,fat
193,72,normal
170,46,thin
149,74,fat
150,46,normal
199,78,normal
149,80,fat
164,57,normal
124,60,fat
182,78,normal
134,58,fat
191,45,thin
182,58,thin
191,62,thin
190,66,thin
174,46,thin
189,64,thin
126,78,fat
157,59,normal
137,47,fat
123,45,fat
120,69,fat
170,78,fat
133,78,fat
193,76,normal
138,35,thin
145,69,fat
129,71,fat
131,51,fat
135,59,fat
191,37,thin
126,47,fat
168,40,thin
169,45,thin
125,46,fat
177,42,thin
160,51,normal
160,56,normal
154,35,thin
144,79,fat
121,37,fat
157,52,normal
158,53,normal
186,39,thin
164,54,normal
153,49,normal
193,58,thin
168,55,normal
163,44,thin
124,60,fat
131,59,fat
127,60,fat
135,55,fat
173,75,fat
200,39,thin
168,49,thin
197,38,thin
170,43,thin
146,76,fat
192,37,thin
138,61,fat
197,46,thin
132,77,fat
194,55,thin
165,59,normal
159,44,thin
175,38,thin
141,78,fat
176,49,thin
138,72,fat
136,76,fat
134,80,fat
192,43,thin
123,38,fat
164,64,normal
128,54,fat
134,45,fat
155,44,thin
194,77,normal
145,36,thin
143,60,fat
125,61,fat
196,42,thin
163,36,thin
138,76,fat
153,63,fat
175,74,normal
130,39,normal
164,38,thin
184,77,normal
129,44,fat
147,38,thin
195,36,thin
136,42,normal
162,67,fat
193,71,normal
165,38,thin
125,52,fat
131,42,normal
166,80,fat
182,61,thin
127,36,normal
123,77,fat
145,57,fat
199,65,thin
146,39,thin
176,65,normal
195,55,thin
153,79,fat
130,60,fat
129,76,fat
178,59,normal
128,77,fat
200,79,normal
159,66,fat
187,54,thin
141,63,fat
128,49,fat
175,78,fat
143,61,fat
199,69,thin
120,66,fat
132,49,fat
191,61,thin
195,49,thin
159,46,thin
167,50,thin
199,38,thin
123,69,fat
159,61,normal
184,44,thin
151,39,thin
185,48,thin
187,63,thin
148,73,fat
150,44,normal
154,79,fat
144,73,fat
179,48,thin
164,79,fat
130,74,fat
146,62,fat
124,49,fat
157,53,normal
200,39,thin
197,55,thin
174,78,fat
170,55,normal
146,48,normal
172,59,normal
187,55,thin
194,44,thin
147,45,normal
191,57,thin
143,45,normal
171,51,thin
142,62,fat
122,55,fat
151,75,fat
134,65,fat
124,65,fat
138,42,normal
155,41,thin
173,58,normal
154,41,thin
134,73,fat
174,45,thin
143,58,fat
165,70,fat
181,74,normal
174,71,normal
183,53,thin
167,41,thin
143,76,fat
171,47,thin
176,51,thin
132,36,normal
164,40,thin
124,37,normal
134,78,fat
160,49,normal
155,61,fat
123,66,fat
160,42,thin
145,69,fat
130,43,fat
130,45,fat
124,74,fat
150,79,fat
189,78,normal
126,73,fat
191,54,thin
159,56,normal
191,71,normal
143,63,fat
171,38,thin
127,68,fat
140,67,fat
143,57,fat
162,72,fat
145,49,normal
183,54,thin
124,66,fat
194,78,normal
124,57,fat
122,63,fat
125,71,fat
156,56,normal
182,64,normal
142,47,normal
143,75,fat
165,43,thin
153,80,fat
128,67,fat
189,51,thin
186,54,thin
160,60,normal
133,64,fat
182,58,thin
185,60,thin
150,52,normal
149,80,fat
159,42,thin
170,61,normal
150,36,thin
145,49,normal
150,43,normal
158,40,thin
147,70,fat
146,41,normal
186,75,normal
200,72,thin
124,62,fat
156,63,fat
120,62,fat
129,40,normal
175,52,thin
136,53,fat
128,55,fat
152,55,normal
172,62,normal
123,38,fat
122,53,fat
161,63,normal
174,41,thin
145,56,fat
186,80,normal
180,45,thin
189,79,normal
197,77,normal
150,58,fat
186,43,thin
177,75,normal
125,77,fat
183,49,thin
120,75,fat
139,67,fat
169,49,thin
128,35,normal
163,78,fat
157,50,normal
186,80,normal
179,59,thin
189,49,thin
194,47,thin
132,58,fat
140,52,fat
152,50,normal
158,71,fat
157,35,thin
145,38,thin
153,41,thin
154,65,fat
161,77,fat
169,74,fat
136,46,normal
159,36,thin
167,53,normal
148,78,fat
164,72,fat
137,72,fat
144,41,normal
181,41,thin
166,45,thin
145,43,normal
144,66,fat
199,64,thin
147,39,thin
134,63,fat
139,61,fat
151,77,fat
135,64,fat
127,55,fat
130,55,fat
131,66,fat
185,71,normal
184,41,thin
130,72,fat
133,80,fat
197,45,thin
133,78,fat
153,77,fat
169,78,fat
123,40,fat
195,36,thin
153,52,normal
148,69,fat
163,74,fat
154,67,fat
195,76,normal
176,77,normal
160,74,fat
161,57,normal
198,70,thin
190,40,thin
194,38,thin
128,36,normal
178,77,normal
134,71,fat
167,36,thin
143,75,fat
145,74,fat
181,51,thin
181,76,normal
182,61,thin
159,70,fat
138,36,normal
123,73,fat
195,61,thin
144,78,fat
165,66,normal
167,65,normal
144,77,fat
120,40,fat
186,40,thin
142,54,fat
151,54,normal
199,54,thin
175,49,thin
122,65,fat
144,73,fat
200,61,thin
193,52,thin
120,62,fat
181,50,thin
149,49,normal
145,45,normal
182,78,normal
190,35,thin
150,35,thin
176,57,thin
177,55,thin
191,61,thin
135,77,fat
185,38,thin
130,62,fat
131,67,fat
141,54,fat
164,72,fat
196,36,thin
126,37,normal
174,55,thin
198,80,normal
127,60,fat
197,41,thin
196,64,thin
128,39,normal
159,53,normal
130,64,fat
131,49,fat
176,39,thin
142,49,normal
153,47,normal
142,54,fat
121,51,fat
121,39,fat
123,77,fat
148,75,fat
179,75,normal
197,59,thin
148,48,normal
198,63,thin
130,63,fat
175,60,normal
186,36,thin
138,78,fat
167,36,thin
153,78,fat
186,61,thin
189,79,normal
182,58,thin
167,75,fat
180,68,normal
185,49,thin
169,39,thin
125,67,fat
184,41,thin
126,47,fat
164,57,normal
160,62,normal
170,35,thin
165,69,fat
173,55,thin
136,70,fat
196,48,thin
160,44,thin
157,76,fat
126,68,fat
185,75,normal
121,70,fat
175,56,thin
128,67,fat
125,37,normal
121,60,fat
180,65,normal
177,77,normal
187,58,thin
149,79,fat
122,64,fat
136,51,fat
176,70,normal
129,43,fat
165,59,normal
197,63,thin
173,71,normal
139,48,normal
166,49,thin
148,46,normal
142,74,fat
120,58,fat
126,52,fat
140,66,fat
174,46,thin
165,46,thin
198,57,thin
121,62,fat
160,42,thin
193,74,normal
147,67,fat
169,78,fat
168,45,thin
166,68,normal
173,41,thin
173,74,normal
142,58,fat
165,69,fat
128,43,fat
162,75,fat
192,69,normal
144,52,fat
188,38,thin
123,59,fat
161,50,normal
128,55,fat
133,42,normal
189,41,thin
123,79,fat
161,61,normal
169,55,normal
200,48,thin
172,60,normal
156,49,normal
135,36,normal
192,36,thin
192,41,thin
134,42,normal
162,77,fat
145,40,normal
121,61,fat
172,68,normal
160,41,thin
191,73,normal
188,79,normal
140,66,fat
183,66,normal
147,78,fat
182,74,normal
159,62,normal
159,36,thin
187,57,thin
155,51,normal
120,40,fat
171,74,fat
144,37,thin
148,36,thin
163,63,normal
161,67,fat
187,46,thin
184,43,thin
137,71,fat
143,66,fat
173,36,thin
164,71,fat
129,66,fat
135,65,fat
122,69,fat
174,47,thin
171,38,thin
133,62,fat
133,58,fat
191,72,normal
151,39,thin
196,65,thin
200,74,normal
132,38,normal
175,69,normal
151,47,normal
133,68,fat
162,47,thin
168,80,fat
132,49,fat
169,44,thin
188,77,normal
130,67,fat
182,36,thin
144,42,normal
159,45,thin
121,56,fat
141,67,fat
140,57,fat
146,50,normal
194,72,normal
160,69,fat
150,45,normal
143,58,fat
173,72,normal
190,42,thin
133,38,normal
186,63,thin
165,55,normal
173,56,normal
150,51,normal
121,56,fat
192,68,thin
187,36,thin
200,59,thin
132,46,fat
171,61,normal
183,76,normal
136,57,fat
181,36,thin
120,47,fat
120,78,fat
148,61,fat
192,76,normal
170,69,normal
193,74,normal
194,51,thin
164,42,thin
130,67,fat
132,54,fat
157,42,thin
131,40,normal
186,61,thin
146,73,fat
159,51,normal
135,69,fat
196,66,thin
160,74,fat
145,43,normal
173,42,thin
169,51,thin
200,59,thin
150,45,normal
150,51,normal
131,46,fat
120,50,fat
120,60,fat
169,62,normal
154,41,thin
127,58,fat
176,43,thin
159,38,thin
144,54,fat
133,48,fat
174,80,fat
178,39,thin
121,58,fat
175,50,thin
138,72,fat
131,68,fat
129,79,fat
125,50,fat
171,44,thin
158,39,thin
151,80,fat
194,49,thin
181,70,normal
153,77,fat
192,38,thin
137,47,fat
156,57,normal
141,67,fat
132,62,fat
166,78,fat
127,64,fat
134,51,fat
162,67,fat
193,64,thin
199,78,normal
143,59,fat
173,64,normal
137,80,fat
155,65,fat
188,67,normal
145,78,fat
152,80,fat
180,60,normal
162,48,thin
149,44,normal
194,45,thin
175,72,normal
185,68,normal
169,49,thin
138,41,normal
159,45,thin
148,44,normal
120,61,fat
199,44,thin
165,48,thin
126,77,fat
169,55,normal
172,59,normal
156,62,fat
179,78,normal
120,45,fat
140,41,normal
141,38,normal
198,68,thin
142,36,thin
193,45,thin
170,61,normal
168,54,normal
130,79,fat
129,69,fat
186,69,normal
136,76,fat
184,73,normal
162,49,normal
183,63,normal
121,69,fat
124,37,normal
159,54,normal
139,71,fat
170,70,normal
123,71,fat
186,36,thin
170,67,normal
121,65,fat
131,74,fat
129,37,normal
160,44,thin
134,56,fat
182,69,normal
157,71,fat
180,67,normal
181,45,thin
162,72,fat
141,53,fat
157,57,normal
124,45,fat
137,37,normal
166,38,thin
178,41,thin
186,76,normal
199,70,thin
137,76,fat
170,40,thin
140,62,fat
157,73,fat
197,61,thin
135,60,fat
175,37,thin
142,40,normal
127,80,fat
158,39,thin
190,42,thin
144,73,fat
158,73,fat
197,47,thin
169,38,thin
195,39,thin
162,43,thin
164,60,normal
123,39,fat
121,64,fat
137,39,normal
183,54,thin
152,42,thin
123,68,fat
161,52,normal
139,72,fat
121,41,fat
156,42,thin
177,42,thin
169,53,normal
192,41,thin
196,45,thin
143,42,normal
161,66,fat
138,60,fat
189,36,thin
169,38,thin
134,55,fat
146,41,normal
156,47,normal
181,77,normal
137,80,fat
190,43,thin
150,58,fat
182,76,normal
166,54,normal
123,59,fat
153,69,fat
180,56,thin
189,76,normal
143,53,fat
170,61,normal
191,46,thin
146,71,fat
161,80,fat
135,75,fat
186,42,thin
136,45,normal
177,48,thin
185,42,thin
196,63,thin
194,52,thin
184,41,thin
175,57,normal
153,75,fat
197,76,normal
182,66,normal
184,54,thin
145,56,fat
124,59,fat
196,37,thin
196,69,thin
194,72,normal
140,53,fat
170,56,normal
152,52,normal
174,71,normal
188,72,normal
182,79,normal
173,72,normal
146,79,fat
145,80,fat
168,43,thin
125,48,fat
144,60,fat
121,57,fat
174,66,normal
134,75,fat
197,70,thin
150,42,normal
193,68,thin
161,54,normal
160,43,thin
187,48,thin
196,48,thin
135,72,fat
180,42,thin
153,62,fat
137,41,normal
141,62,fat
191,46,thin
178,76,normal
189,64,thin
179,80,normal
143,37,thin
172,73,normal
174,52,thin
195,62,thin
138,36,normal
157,73,fat
200,77,normal
184,55,thin
142,79,fat
129,42,fat
175,36,thin
199,64,thin
143,44,normal
179,68,normal
174,63,normal
154,52,normal
134,45,fat
131,64,fat
131,75,fat
121,78,fat
154,51,normal
134,57,fat
147,76,fat
157,67,fat
166,74,fat
174,68,normal
134,52,fat
153,55,normal
128,36,normal
148,36,thin
161,71,fat
190,74,normal
176,59,normal
199,78,normal
194,62,thin
166,63,normal
196,40,thin
137,74,fat
139,67,fat
187,38,thin
138,66,fat
168,72,fat
133,76,fat
123,64,fat
194,66,thin
136,62,fat
161,43,thin
132,48,fat
169,74,fat
140,42,normal
144,53,fat
126,79,fat
155,55,normal
164,39,thin
198,65,thin
120,54,fat
186,70,normal
169,64,normal
176,57,thin
180,49,thin
139,50,fat
159,78,fat
127,77,fat
139,67,fat
135,63,fat
153,49,normal
190,71,normal
128,54,fat
166,51,normal
187,46,thin
193,43,thin
146,72,fat
126,56,fat
128,72,fat
153,72,fat
185,60,thin
144,53,fat
191,59,thin
139,68,fat
160,37,thin
181,46,thin
187,45,thin
139,48,normal
135,64,fat
138,72,fat
196,47,thin
132,66,fat
131,72,fat
124,44,fat
146,56,fat
178,64,normal
129,72,fat
133,75,fat
174,69,normal
190,72,normal
134,73,fat
190,71,normal
173,48,thin
165,72,fat
163,36,thin
152,79,fat
139,77,fat
127,65,fat
169,54,normal
134,54,fat
199,36,thin
184,53,thin
150,80,fat
171,51,thin
122,70,fat
142,48,normal
166,56,normal
129,73,fat
126,49,fat
129,67,fat
142,46,normal
152,74,fat
165,41,thin
167,77,fat
195,46,thin
120,47,fat
120,44,fat
146,37,thin
124,50,fat
168,58,normal
182,44,thin
189,51,thin
157,68,fat
174,38,thin
173,57,normal
140,60,fat
170,62,normal
125,76,fat
162,54,normal
184,62,thin
174,67,normal
178,40,thin
182,47,thin
192,49,thin
155,70,fat
170,57,normal
167,61,normal
178,62,normal
139,46,normal
169,66,normal
180,36,thin
175,48,thin
195,71,normal
153,73,fat
187,79,normal
120,70,fat
132,71,fat
173,70,normal
173,51,thin
186,36,thin
145,45,normal
131,54,fat
168,76,fat
173,60,normal
168,78,fat
196,45,thin
131,36,normal
181,58,thin
192,68,thin
148,58,fat
158,75,fat
167,55,normal
199,68,thin
125,56,fat
120,56,fat
151,63,fat
197,59,thin
191,35,thin
195,42,thin
194,59,thin
126,68,fat
188,47,thin
124,48,fat
178,55,thin
126,60,fat
140,63,fat
172,60,normal
194,68,thin
161,36,thin
156,42,thin
150,58,fat
122,51,fat
151,41,thin
146,67,fat
191,52,thin
193,47,thin
156,36,thin
164,79,fat
190,60,thin
135,48,fat
152,39,thin
127,52,fat
139,66,fat
161,69,fat
147,38,thin
145,71,fat
184,78,normal
165,59,normal
151,52,normal
153,55,normal
156,74,fat
170,46,thin
161,50,normal
134,44,normal
181,59,thin
168,57,normal
196,53,thin
128,39,normal
189,59,thin
178,36,thin
159,42,thin
166,60,normal
191,73,normal
163,75,fat
183,53,thin
165,73,fat
166,43,thin
152,53,normal
141,54,fat
179,60,normal
148,74,fat
192,42,thin
182,48,thin
133,45,fat
192,58,thin
165,67,normal
196,60,thin
160,59,normal
187,70,normal
147,45,normal
177,44,thin
168,43,thin
172,65,normal
184,55,thin
186,79,normal
142,59,fat
163,69,fat
171,63,normal
142,80,fat
128,70,fat
142,58,fat
150,41,thin
200,74,normal
135,37,normal
157,40,thin
157,53,normal
126,62,fat
125,59,fat
152,62,fat
198,59,thin
132,77,fat
186,56,thin
189,35,thin
123,48,fat
189,61,thin
124,43,fat
178,77,normal
181,43,thin
173,43,thin
149,76,fat
199,53,thin
193,58,thin
160,35,thin
164,47,thin
165,77,fat
121,48,fat
187,57,thin
149,80,fat
192,42,thin
179,50,thin
200,70,thin
127,55,fat
157,58,normal
142,56,fat
186,38,thin
200,46,thin
143,67,fat
177,64,normal
175,66,normal
136,77,fat
131,71,fat
164,40,thin
125,73,fat
175,35,thin
121,39,fat
169,61,normal
181,55,thin
180,43,thin
138,54,fat
191,78,normal
142,35,thin
180,35,thin
161,62,normal
200,76,normal
134,59,fat
160,76,fat
156,74,fat
177,59,normal
161,53,normal
140,46,normal
197,39,thin
198,72,thin
153,74,fat
199,62,thin
165,40,thin
160,56,normal
120,70,fat
151,39,thin
173,39,thin
137,69,fat
120,39,fat
136,44,normal
159,58,normal
120,61,fat
194,46,thin
153,45,normal
143,47,normal
191,77,normal
176,71,normal
160,75,fat
198,66,thin
140,63,fat
183,56,thin
137,80,fat
137,39,normal
154,39,thin
169,53,normal
185,79,normal
161,71,fat
159,40,thin
153,40,thin
164,75,fat
156,61,fat
174,44,thin
142,71,fat
179,75,normal
155,55,normal
138,40,normal
143,43,normal
152,68,fat
150,59,fat
154,47,normal
168,59,normal
156,77,fat
195,40,thin
182,41,thin
194,79,normal
130,67,fat
178,70,normal
196,54,thin
129,44,fat
136,75,fat
194,44,thin
183,51,thin
149,46,normal
128,79,fat
193,79,normal
125,75,fat
131,50,fat
135,70,fat
123,54,fat
122,39,fat
139,46,normal
147,66,fat
133,63,fat
171,51,thin
189,77,normal
189,55,thin
167,55,normal
122,71,fat
136,63,fat
120,44,fat
195,58,thin
129,71,fat
174,49,thin
167,54,normal
187,45,thin
189,59,thin
146,56,fat
120,47,fat
130,42,normal
159,71,fat
165,72,fat
162,61,normal
162,46,thin
145,44,normal
175,35,thin
120,44,fat
186,79,normal
160,46,thin
138,78,fat
131,64,fat
186,77,normal
129,80,fat
158,50,normal
155,70,fat
162,70,fat
130,63,fat
137,67,fat
129,51,fat
189,49,thin
199,76,normal
192,40,thin
183,37,thin
184,47,thin
156,39,thin
168,55,normal
157,49,normal
140,51,fat
158,76,fat
198,73,normal
131,58,fat
124,70,fat
138,39,normal
168,59,normal
158,57,normal
151,38,thin
169,73,fat
165,52,normal
177,35,thin
137,51,fat
188,52,thin
179,73,normal
172,56,normal
135,72,fat
128,37,normal
189,77,normal
168,63,normal
187,67,normal
159,74,fat
154,75,fat
170,38,thin
126,79,fat
187,76,normal
153,50,normal
165,36,thin
170,67,normal
179,43,thin
147,79,fat
139,64,fat
171,42,thin
133,75,fat
140,65,fat
149,41,thin
143,45,normal
181,73,normal
183,43,thin
188,78,normal
133,59,fat
181,61,normal
180,44,thin
126,41,fat
158,49,normal
124,46,fat
169,72,fat
128,67,fat
199,59,thin
124,48,fat
130,63,fat
120,75,fat
131,50,fat
189,46,thin
135,52,fat
177,78,normal
145,77,fat
145,62,fat
161,59,normal
177,51,thin
136,48,fat
128,70,fat
197,61,thin
167,65,normal
149,79,fat
171,51,thin
194,79,normal
135,54,fat
148,49,normal
149,79,fat
158,75,fat
135,46,fat
156,52,normal
174,66,normal
177,78,normal
191,44,thin
133,56,fat
175,73,normal
169,42,thin
199,80,normal
125,62,fat
146,63,fat
181,52,thin
188,49,thin
156,64,fat
185,38,thin
160,35,thin
193,80,normal
132,51,fat
137,57,fat
194,53,thin
144,35,thin
120,52,fat
136,40,normal
165,71,fat
173,49,thin
200,56,thin
194,59,thin
198,76,normal
143,48,normal
127,52,fat
171,40,thin
179,65,normal
181,61,normal
125,61,fat
187,36,thin
138,36,normal
145,45,normal
126,45,fat
198,62,thin
166,42,thin
185,43,thin
196,58,thin
169,60,normal
150,50,normal
154,48,normal
152,59,fat
189,72,normal
159,73,fat
121,65,fat
196,43,thin
125,57,fat
149,40,thin
195,41,thin
182,45,thin
187,52,thin
133,64,fat
170,47,thin
169,74,fat
189,59,thin
142,72,fat
174,58,normal
150,80,fat
185,40,thin
147,70,fat
165,44,thin
196,78,normal
159,73,fat
168,41,thin
163,62,normal
131,46,fat
138,47,normal
151,72,fat
180,74,normal
124,61,fat
145,67,fat
198,40,thin
168,47,thin
175,46,thin
150,37,thin
196,67,thin
120,44,fat
131,64,fat
161,55,normal
142,72,fat
186,49,thin
183,40,thin
145,69,fat
152,39,thin
135,52,fat
147,78,fat
196,74,normal
198,45,thin
185,50,thin
165,50,thin
135,54,fat
192,52,thin
128,50,fat
120,59,fat
148,35,thin
184,69,normal
127,54,fat
179,46,thin
128,64,fat
129,36,normal
186,76,normal
129,70,fat
164,66,normal
169,70,normal
125,61,fat
185,77,normal
189,80,normal
200,64,thin
144,57,fat
147,39,thin
183,36,thin
150,78,fat
184,74,normal
195,66,thin
143,71,fat
142,50,normal
176,48,thin
155,76,fat
136,80,fat
137,60,fat
179,54,thin
145,44,normal
153,56,normal
161,47,thin
157,42,thin
172,64,normal
159,47,normal
136,75,fat
160,37,thin
174,73,normal
157,79,fat
123,73,fat
121,45,fat
169,79,fat
143,60,fat
171,68,normal
133,57,fat
193,71,normal
147,50,normal
124,79,fat
166,70,fat
131,35,normal
181,51,thin
162,37,thin
169,74,fat
120,67,fat
185,66,normal
179,59,thin
152,44,normal
124,46,fat
163,77,fat
191,71,normal
194,59,thin
153,41,thin
144,53,fat
187,79,normal
120,55,fat
150,35,thin
121,73,fat
139,61,fat
161,74,fat
144,71,fat
143,56,fat
195,49,thin
164,55,normal
129,40,normal
137,46,normal
122,79,fat
137,57,fat
196,36,thin
134,41,normal
169,51,thin
194,39,thin
156,36,thin
177,46,thin
124,70,fat
144,77,fat
162,38,thin
140,72,fat
189,53,thin
171,40,thin
153,68,fat
192,38,thin
124,46,fat
197,56,thin
181,42,thin
128,53,fat
161,50,normal
152,63,fat
193,80,normal
148,35,thin
156,38,thin
181,44,thin
200,51,thin
194,69,thin
143,65,fat
164,73,fat
194,70,normal
162,63,normal
148,65,fat
140,47,normal
133,38,normal
171,55,normal
122,38,fat
176,47,thin
170,64,normal
181,74,normal
198,43,thin
158,74,fat
134,74,fat
158,38,thin
155,54,normal
149,60,fat
133,62,fat
143,62,fat
163,38,thin
153,38,thin
196,39,thin
121,53,fat
142,73,fat
139,79,fat
154,35,thin
140,59,fat
156,38,thin
177,41,thin
146,35,thin
179,48,thin
165,44,thin
162,62,normal
162,38,thin
152,66,fat
155,49,normal
170,47,thin
195,48,thin
132,44,fat
178,42,thin
151,58,fat
152,51,normal
133,40,normal
121,72,fat
132,37,normal
131,62,fat
144,59,fat
126,66,fat
192,74,normal
182,43,thin
140,73,fat
125,60,fat
125,80,fat
148,63,fat
171,45,thin
186,47,thin
198,79,normal
196,38,thin
189,40,thin
145,77,fat
191,58,thin
169,57,normal
154,78,fat
124,51,fat
136,59,fat
129,79,fat
183,51,thin
126,40,fat
131,76,fat
169,61,normal
170,60,normal
149,45,normal
150,48,normal
158,50,normal
142,78,fat
125,70,fat
131,73,fat
152,51,normal
133,39,normal
131,56,fat
128,40,normal
168,79,fat
152,78,fat
155,78,fat
189,44,thin
158,69,fat
158,72,fat
133,69,fat
177,61,normal
182,41,thin
148,37,thin
131,36,normal
130,47,fat
152,58,fat
127,72,fat
126,63,fat
158,57,normal
171,76,fat
157,53,normal
184,56,thin
129,66,fat
166,36,thin
125,60,fat
149,40,thin
178,57,thin
161,38,thin
196,39,thin
156,72,fat
189,72,normal
165,35,thin
135,40,normal
171,66,normal
157,79,fat
133,51,fat
144,48,normal
123,66,fat
176,48,thin
189,79,normal
176,62,normal
198,35,thin
192,42,thin
161,42,thin
138,38,normal
164,60,normal
160,79,fat
142,68,fat
174,67,normal
183,49,thin
169,36,thin
162,58,normal
200,40,thin
191,43,thin
157,51,normal
181,41,thin
129,61,fat
195,58,thin
174,49,thin
143,60,fat
141,63,fat
133,44,normal
184,35,thin
149,46,normal
176,64,normal
175,39,thin
188,52,thin
173,50,thin
181,63,normal
160,69,fat
196,66,thin
131,69,fat
153,42,thin
171,56,normal
157,65,fat
134,79,fat
159,51,normal
141,50,fat
155,76,fat
125,59,fat
143,54,fat
177,73,normal
183,72,normal
176,72,normal
178,56,thin
189,38,thin
155,50,normal
121,63,fat
181,70,normal
168,36,thin
173,40,thin
191,41,thin
157,56,normal
130,78,fat
165,54,normal
158,42,thin
160,70,fat
150,55,normal
134,36,normal
137,75,fat
168,74,fat
139,51,fat
120,38,fat
125,53,fat
130,72,fat
168,56,normal
167,71,fat
169,69,normal
163,61,normal
138,52,fat
193,61,thin
138,38,normal
134,51,fat
120,52,fat
146,66,fat
180,61,normal
175,44,thin
131,65,fat
146,63,fat
179,48,thin
121,69,fat
133,41,normal
170,57,normal
197,46,thin
190,35,thin
130,68,fat
150,67,fat
197,60,thin
145,54,fat
149,46,normal
187,41,thin
144,71,fat
147,40,normal
152,37,thin
190,41,thin
122,69,fat
180,43,thin
163,57,normal
155,52,normal
161,77,fat
150,45,normal
159,56,normal
195,66,thin
185,35,thin
199,46,thin
147,51,normal
133,40,normal
172,38,thin
196,71,thin
124,71,fat
162,53,normal
157,43,thin
155,68,fat
161,55,normal
129,47,fat
134,76,fat
184,48,thin
163,71,fat
187,50,thin
153,65,fat
184,54,thin
159,47,normal
145,49,normal
194,51,thin
125,35,normal
183,51,thin
139,36,normal
169,66,normal
186,72,normal
158,46,thin
146,42,normal
134,44,normal
194,77,normal
158,53,normal
149,59,fat
122,61,fat
185,77,normal
135,63,fat
136,46,normal
167,72,fat
179,53,thin
184,36,thin
180,64,normal
125,71,fat
153,42,thin
120,54,fat
165,76,fat
134,67,fat
166,51,normal
184,70,normal
191,67,thin
137,61,fat
149,59,fat
199,37,thin
185,68,normal
150,54,normal
126,63,fat
133,68,fat
173,48,thin
164,36,thin
161,42,thin
163,58,normal
191,47,thin
140,51,fat
172,77,fat
130,54,fat
129,73,fat
150,64,fat
175,40,thin
156,65,fat
193,69,normal
144,72,fat
190,64,thin
168,63,normal
196,64,thin
153,70,fat
163,64,normal
177,35,thin
121,67,fat
176,54,thin
140,71,fat
133,57,fat
175,72,normal
158,61,normal
169,55,normal
193,74,normal
139,58,fat
126,69,fat
182,71,normal
178,74,normal
180,42,thin
125,69,fat
120,51,fat
159,75,fat
173,70,normal
190,35,thin
126,38,normal
135,43,normal
166,71,fat
170,58,normal
157,63,fat
196,51,thin
129,78,fat
184,48,thin
199,37,thin
153,46,normal
144,75,fat
147,77,fat
132,78,fat
185,65,normal
153,61,fat
178,41,thin
159,56,normal
165,37,thin
176,35,thin
152,75,fat
136,46,normal
173,42,thin
128,38,normal
175,72,normal
197,51,thin
156,59,normal
175,61,normal
136,66,fat
145,61,fat
195,49,thin
176,60,normal
132,38,normal
177,72,normal
182,35,thin
195,42,thin
127,68,fat
138,51,fat
190,51,thin
187,66,normal
193,60,thin
180,39,thin
162,63,normal
127,44,fat
175,65,normal
168,63,normal
186,56,thin
146,52,normal
194,69,thin
120,78,fat
178,53,thin
148,76,fat
158,66,fat
181,66,normal
193,40,thin
185,43,thin
186,44,thin
195,69,thin
175,75,normal
149,45,normal
136,56,fat
153,68,fat
156,55,normal
139,63,fat
186,61,thin
152,75,fat
185,67,normal
131,48,fat
199,41,thin
131,75,fat
122,46,fat
151,42,thin
169,53,normal
150,74,fat
139,75,fat
172,59,normal
186,50,thin
141,51,fat
146,67,fat
134,62,fat
157,67,fat
145,40,normal
170,62,normal
190,77,normal
149,53,normal
163,61,normal
185,70,normal
135,63,fat
146,64,fat
144,66,fat
156,62,fat
168,45,thin
178,38,thin
162,45,thin
141,36,thin
195,50,thin
183,63,normal
168,76,fat
124,52,fat
158,67,fat
141,70,fat
141,72,fat
139,56,fat
176,36,thin
139,75,fat
153,74,fat
150,67,fat
149,39,thin
160,71,fat
188,53,thin
120,71,fat
154,78,fat
172,78,fat
179,68,normal
171,60,normal
153,65,fat
180,76,normal
127,37,normal
161,43,thin
195,61,thin
130,36,normal
180,65,normal
129,59,fat
181,67,normal
193,73,normal
139,57,fat
197,69,thin
131,77,fat
177,65,normal
167,55,normal
127,37,normal
141,58,fat
166,43,thin
158,57,normal
188,48,thin
199,35,thin
149,76,fat
159,61,normal
171,75,fat
190,73,normal
154,78,fat
132,61,fat
131,56,fat
127,54,fat
139,40,normal
149,71,fat
120,35,normal
172,63,normal
153,77,fat
125,60,fat
133,62,fat
123,71,fat
165,72,fat
140,39,normal
157,49,normal
142,58,fat
199,56,thin
135,40,normal
160,78,fat
146,54,fat
121,40,fat
173,79,fat
163,45,thin
164,79,fat
160,60,normal
167,65,normal
132,48,fat
145,77,fat
197,67,thin
139,45,normal
151,74,fat
181,52,thin
122,55,fat
173,37,thin
194,45,thin
145,52,normal
183,53,thin
139,65,fat
187,52,thin
123,67,fat
133,59,fat
168,35,thin
196,37,thin
138,42,normal
138,51,fat
190,61,thin
193,44,thin
155,69,fat
151,71,fat
192,66,thin
186,46,thin
194,60,thin
192,80,normal
199,79,normal
189,77,normal
159,71,fat
199,49,thin
173,62,normal
146,49,normal
137,35,normal
155,59,normal
196,80,normal
152,55,normal
179,49,thin
191,59,thin
144,78,fat
143,78,fat
124,75,fat
186,45,thin
158,62,normal
162,49,normal
188,44,thin
142,57,fat
134,60,fat
187,43,thin
122,43,fat
145,58,fat
127,77,fat
178,47,thin
195,59,thin
126,38,normal
168,74,fat
124,35,normal
161,42,thin
134,48,fat
163,64,normal
131,50,fat
162,77,fat
164,77,fat
171,64,normal
132,64,fat
189,48,thin
150,72,fat
134,40,normal
144,45,normal
139,63,fat
168,63,normal
135,77,fat
176,37,thin
194,43,thin
145,76,fat
134,56,fat
125,58,fat
160,45,thin
195,51,thin
126,56,fat
124,61,fat
144,55,fat
158,71,fat
138,61,fat
149,48,normal
154,66,fat
147,61,fat
190,52,thin
134,62,fat
157,61,normal
188,78,normal
183,39,thin
166,49,thin
187,47,thin
188,51,thin
124,72,fat
194,45,thin
127,44,fat
170,58,normal
179,54,thin
187,41,thin
157,67,fat
153,78,fat
136,41,normal
174,62,normal
175,36,thin
187,71,normal
200,43,thin
181,41,thin
198,39,thin
195,70,thin
191,36,thin
155,76,fat
161,57,normal
128,49,fat
192,44,thin
142,76,fat
197,74,normal
122,67,fat
178,56,thin
126,70,fat
187,48,thin
185,72,normal
153,67,fat
142,66,fat
160,69,fat
189,62,thin
177,41,thin
120,58,fat
150,60,fat
176,36,thin
162,36,thin
189,53,thin
169,36,thin
150,41,thin
155,50,normal
171,76,fat
125,73,fat
170,75,fat
194,61,thin
162,47,thin
147,49,normal
178,71,normal
175,55,thin
175,49,thin
138,61,fat
133,44,normal
190,60,thin
192,76,normal
163,35,thin
188,48,thin
135,75,fat
176,71,normal
173,40,thin
134,43,normal
170,57,normal
124,35,normal
139,65,fat
186,77,normal
194,65,thin
120,40,fat
171,73,normal
149,40,thin
192,77,normal
185,63,thin
148,43,normal
191,69,normal
160,55,normal
190,52,thin
173,41,thin
194,80,normal
187,63,thin
146,64,fat
143,75,fat
181,74,normal
147,67,fat
128,79,fat
199,44,thin
195,37,thin
134,73,fat
180,45,thin
159,79,fat
139,72,fat
157,56,normal
184,52,thin
168,76,fat
167,35,thin
136,75,fat
158,48,normal
130,78,fat
141,50,fat
156,42,thin
124,70,fat
146,80,fat
174,74,normal
161,68,fat
136,57,fat
185,73,normal
171,77,fat
193,72,normal
138,63,fat
166,63,normal
162,51,normal
156,58,normal
159,55,normal
154,54,normal
177,71,normal
182,51,thin
144,38,thin
169,75,fat
138,49,fat
166,80,fat
175,70,normal
127,62,fat
147,73,fat
169,68,normal
192,78,normal
146,50,normal
152,43,normal
157,41,thin
161,64,normal
197,65,thin
135,41,normal
139,48,normal
162,77,fat
183,38,thin
175,37,thin
148,68,fat
176,79,fat
185,68,normal
155,52,normal
169,61,normal
200,50,thin
156,39,thin
186,71,normal
194,80,normal
175,57,normal
192,62,thin
137,60,fat
178,61,normal
175,35,thin
168,58,normal
196,71,thin
158,72,fat
159,80,fat
200,38,thin
194,37,thin
174,46,thin
166,37,thin
160,80,fat
188,60,thin
124,53,fat
152,78,fat
141,75,fat
165,43,thin
120,42,fat
170,41,thin
161,72,fat
146,45,normal
189,56,thin
178,63,normal
170,44,thin
161,36,thin
159,42,thin
155,57,normal
125,77,fat
120,46,fat
194,44,thin
170,64,normal
197,58,thin
194,73,normal
149,60,fat
146,55,fat
182,78,normal
143,62,fat
193,70,normal
173,49,thin
121,74,fat
180,49,thin
140,80,fat
170,56,normal
125,36,normal
171,56,normal
183,72,normal
133,48,fat
130,66,fat
166,49,thin
194,53,thin
131,55,fat
134,40,normal
169,38,thin
122,43,fat
198,68,thin
199,48,thin
171,37,thin
179,48,thin
134,69,fat
197,35,thin
171,42,thin
128,37,normal
133,74,fat
195,64,thin
138,41,normal
182,50,thin
164,53,normal
177,42,thin
171,41,thin
124,65,fat
178,43,thin
129,46,fat
194,71,normal
184,77,normal
162,49,normal
160,50,normal
164,72,fat
154,57,normal
129,47,fat
130,41,normal
193,49,thin
178,37,thin
132,43,normal
170,40,thin
160,66,fat
155,48,normal
164,74,fat
173,49,thin
150,76,fat
187,42,thin
140,71,fat
175,50,thin
197,46,thin
140,43,normal
160,52,normal
182,47,thin
141,49,normal
187,40,thin
187,52,thin
153,42,thin
157,47,normal
136,63,fat
155,68,fat
176,70,normal
139,74,fat
140,73,fat
195,49,thin
156,37,thin
136,63,fat
129,51,fat
195,52,thin
120,56,fat
156,75,fat
193,41,thin
187,74,normal
145,64,fat
161,48,normal
142,45,normal
184,67,normal
200,41,thin
137,71,fat
193,53,thin
152,67,fat
122,65,fat
140,63,fat
140,53,fat
167,75,fat
123,69,fat
137,75,fat
193,38,thin
156,35,thin
131,60,fat
147,79,fat
199,50,thin
181,60,thin
186,50,thin
172,75,fat
154,52,normal
180,36,thin
155,69,fat
126,51,fat
168,65,normal
163,47,thin
195,77,normal
127,36,normal
194,40,thin
123,49,fat
149,43,normal
171,79,fat
137,74,fat
171,72,normal
189,56,thin
190,50,thin
123,66,fat
194,65,thin
140,80,fat
180,35,thin
183,37,thin
179,58,thin
153,69,fat
140,40,normal
170,66,normal
171,59,normal
130,53,fat
199,53,thin
127,63,fat
144,38,thin
146,68,fat
194,79,normal
172,75,fat
159,77,fat
120,77,fat
164,69,fat
123,40,fat
172,53,thin
157,57,normal
135,43,normal
171,35,thin
169,38,thin
155,62,fat
174,43,thin
172,40,thin
176,68,normal
152,78,fat
133,53,fat
130,79,fat
188,64,thin
139,41,normal
183,48,thin
165,79,fat
128,60,fat
137,35,normal
154,57,normal
151,73,fat
183,53,thin
196,61,thin
145,75,fat
146,42,normal
150,53,normal
143,66,fat
174,63,normal
132,56,fat
132,80,fat
124,46,fat
149,73,fat
164,58,normal
191,35,thin
175,44,thin
153,72,fat
178,59,normal
182,68,normal
151,58,fat
146,44,normal
127,60,fat
126,47,fat
168,59,normal
197,37,thin
158,40,thin
186,69,normal
179,79,normal
184,76,normal
151,59,fat
187,65,normal
131,66,fat
137,58,fat
135,43,normal
193,53,thin
185,70,normal
191,71,normal
157,77,fat
169,37,thin
186,37,thin
161,70,fat
140,79,fat
128,76,fat
134,63,fat
197,52,thin
137,55,fat
161,78,fat
183,41,thin
162,68,fat
132,67,fat
163,62,normal
123,74,fat
159,76,fat
179,63,normal
146,70,fat
140,61,fat
130,69,fat
139,76,fat
181,40,thin
134,51,fat
151,55,normal
124,49,fat
148,55,fat
197,71,thin
128,46,fat
190,61,thin
162,78,fat
135,47,fat
169,55,normal
194,43,thin
128,45,fat
144,64,fat
133,76,fat
194,73,normal
178,78,normal
139,72,fat
137,60,fat
158,75,fat
120,68,fat
147,67,fat
151,38,thin
122,52,fat
188,79,normal
177,67,normal
176,56,thin
122,77,fat
148,59,fat
137,63,fat
120,70,fat
140,66,fat
156,75,fat
129,47,fat
173,69,normal
140,44,normal
167,49,thin
167,41,thin
159,63,normal
130,48,fat
194,60,thin
160,35,thin
154,69,fat
189,44,thin
155,35,thin
160,72,fat
141,70,fat
120,71,fat
164,64,normal
179,78,normal
140,38,normal
166,52,normal
140,43,normal
175,80,fat
166,68,normal
149,43,normal
164,40,thin
141,37,normal
157,44,thin
138,53,fat
180,35,thin
150,43,normal
178,45,thin
155,42,thin
157,45,thin
135,45,normal
176,38,thin
193,73,normal
141,41,normal
197,39,thin
127,80,fat
185,77,normal
200,65,thin
148,51,normal
156,57,normal
169,48,thin
168,43,thin
120,69,fat
175,70,normal
178,37,thin
196,41,thin
150,55,normal
193,49,thin
174,76,fat
199,54,thin
168,69,normal
171,39,thin
132,65,fat
154,79,fat
189,80,normal
162,41,thin
171,51,thin
155,58,normal
131,57,fat
144,76,fat
124,61,fat
161,72,fat
164,63,normal
180,75,normal
150,36,thin
120,72,fat
163,59,normal
139,41,normal
132,49,fat
135,47,fat
151,67,fat
160,80,fat
174,52,thin
143,36,thin
164,53,normal
181,53,thin
156,35,thin
196,76,normal
194,35,thin
154,59,normal
132,72,fat
173,75,fat
164,43,thin
144,43,normal
161,76,fat
165,72,fat
128,63,fat
186,74,normal
153,39,thin
130,75,fat
143,36,thin
199,42,thin
156,69,fat
125,68,fat
127,78,fat
174,49,thin
151,69,fat
135,62,fat
189,47,thin
182,53,thin
193,75,normal
186,65,normal
168,43,thin
155,43,thin
151,65,fat
147,42,normal
157,37,thin
123,57,fat
174,65,normal
189,61,thin
152,52,normal
186,38,thin
133,66,fat
147,47,normal
182,65,normal
170,55,normal
135,68,fat
131,41,normal
123,42,fat
190,43,thin
175,36,thin
168,54,normal
186,52,thin
131,69,fat
172,53,thin
142,37,thin
120,58,fat
136,60,fat
187,72,normal
152,72,fat
177,53,thin
166,51,normal
187,64,thin
188,63,thin
154,49,normal
162,52,normal
131,66,fat
191,68,normal
193,66,thin
164,56,normal
123,48,fat
135,48,fat
189,75,normal
195,63,thin
157,41,thin
152,57,normal
164,74,fat
126,64,fat
189,69,normal
155,49,normal
126,54,fat
139,70,fat
137,41,normal
166,61,normal
188,76,normal
128,36,normal
153,45,normal
162,48,thin
197,70,thin
159,59,normal
181,50,thin
160,68,fat
174,57,normal
128,59,fat
129,61,fat
138,64,fat
192,70,normal
160,39,thin
183,72,normal
163,53,normal
161,73,fat
186,48,thin
170,71,normal
127,57,fat
200,51,thin
198,63,thin
160,44,thin
177,45,thin
153,71,fat
173,76,fat
133,37,normal
143,65,fat
148,59,fat
174,74,normal
130,48,fat
139,37,normal
135,55,fat
190,38,thin
125,45,fat
120,69,fat
122,44,fat
165,61,normal
145,47,normal
167,71,fat
136,54,fat
152,66,fat
170,69,normal
135,44,normal
160,71,fat
140,78,fat
150,77,fat
195,67,thin
144,74,fat
156,51,normal
165,74,fat
188,36,thin
190,45,thin
159,63,normal
196,47,thin
132,43,normal
164,68,fat
182,65,normal
148,71,fat
127,75,fat
159,72,fat
185,58,thin
135,53,fat
176,77,normal
160,70,fat
169,55,normal
173,50,thin
151,40,thin
160,43,thin
148,44,normal
165,46,thin
156,72,fat
127,76,fat
183,71,normal
127,63,fat
120,66,fat
161,77,fat
191,42,thin
185,60,thin
158,43,thin
172,47,thin
123,59,fat
149,69,fat
166,40,thin
157,70,fat
130,77,fat
156,41,thin
176,77,normal
148,60,fat
191,71,normal
127,78,fat
178,49,thin
146,50,normal
146,48,normal
140,80,fat
122,80,fat
141,77,fat
130,69,fat
181,56,thin
135,68,fat
173,62,normal
134,37,normal
156,44,thin
152,62,fat
131,59,fat
162,73,fat
179,73,normal
140,76,fat
181,56,thin
181,78,normal
172,54,thin
181,43,thin
158,39,thin
164,66,normal
169,54,normal
124,75,fat
166,40,thin
184,42,thin
130,41,normal
126,67,fat
141,56,fat
182,74,normal
173,51,thin
179,75,normal
154,44,normal
184,70,normal
178,75,normal
160,65,fat
185,48,thin
180,69,normal
178,41,thin
126,63,fat
125,65,fat
120,57,fat
179,54,thin
122,80,fat
156,71,fat
163,60,normal
163,72,fat
189,60,thin
170,35,thin
134,49,fat
141,61,fat
162,75,fat
168,47,thin
185,67,normal
170,72,normal
131,71,fat
125,67,fat
123,78,fat
149,42,normal
168,50,thin
183,42,thin
144,47,normal
177,44,thin
140,35,thin
123,77,fat
187,79,normal
173,70,normal
163,54,normal
183,49,thin
142,59,fat
149,54,normal
130,70,fat
125,65,fat
156,35,thin
141,79,fat
177,44,thin
154,58,normal
179,43,thin
189,50,thin
130,35,normal
189,80,normal
120,58,fat
123,42,fat
165,48,thin
175,67,normal
180,47,thin
147,46,normal
197,76,normal
174,44,thin
177,58,normal
168,66,normal
124,52,fat
183,41,thin
145,58,fat
177,68,normal
132,54,fat
131,78,fat
139,64,fat
168,76,fat
140,57,fat
149,57,fat
141,40,normal
181,42,thin
149,44,normal
128,51,fat
123,80,fat
138,46,normal
143,36,thin
150,46,normal
155,61,fat
162,43,thin
136,53,fat
120,73,fat
193,52,thin
180,73,normal
152,77,fat
131,66,fat
151,57,normal
152,56,normal
164,72,fat
146,68,fat
124,68,fat
176,56,thin
157,55,normal
164,77,fat
188,60,thin
178,75,normal
145,63,fat
132,60,fat
123,61,fat
148,45,normal
199,40,thin
139,80,fat
171,39,thin
195,59,thin
182,58,thin
184,37,thin
187,68,normal
148,67,fat
152,78,fat
190,75,normal
132,71,fat
172,67,normal
166,66,normal
128,42,fat
183,76,normal
175,50,thin
184,37,thin
145,58,fat
135,80,fat
131,68,fat
192,79,normal
197,45,thin
182,56,thin
175,76,normal
161,41,thin
163,53,normal
174,45,thin
199,46,thin
144,43,normal
151,70,fat
158,75,fat
143,72,fat
164,38,thin
152,45,normal
134,47,fat
180,77,normal
123,51,fat
147,40,normal
127,55,fat
139,78,fat
129,58,fat
142,47,normal
172,58,normal
154,57,normal
172,37,thin
165,38,thin
165,73,fat
132,64,fat
186,74,normal
141,52,fat
170,49,thin
159,59,normal
132,51,fat
166,61,normal
128,48,fat
149,44,normal
183,64,normal
187,38,thin
151,60,fat
183,52,thin
196,75,normal
174,77,fat
139,54,fat
132,61,fat
123,38,fat
144,50,normal
162,46,thin
127,37,normal
158,35,thin
180,72,normal
185,54,thin
132,77,fat
121,71,fat
166,49,thin
120,78,fat
174,61,normal
160,35,thin
179,68,normal
120,65,fat
130,70,fat
171,60,normal
178,60,normal
145,76,fat
184,35,thin
177,38,thin
159,64,fat
173,37,thin
156,64,fat
176,66,normal
178,41,thin
158,49,normal
147,74,fat
190,41,thin
127,64,fat
183,48,thin
148,68,fat
123,35,normal
124,72,fat
159,38,thin
123,48,fat
174,77,fat
180,39,thin
194,51,thin
166,59,normal
139,70,fat
193,77,normal
128,68,fat
125,58,fat
134,40,normal
197,50,thin
174,42,thin
131,76,fat
144,68,fat
155,43,thin
170,73,fat
155,60,normal
175,45,thin
168,75,fat
177,55,thin
187,53,thin
154,60,fat
193,75,normal
199,77,normal
181,44,thin
152,80,fat
159,68,fat
168,59,normal
186,50,thin
176,38,thin
178,78,normal
148,52,normal
131,52,fat
144,78,fat
127,50,fat
132,40,normal
155,64,fat
167,76,fat
157,45,thin
141,50,fat
168,73,fat
157,71,fat
194,53,thin
120,72,fat
184,50,thin
139,71,fat
151,70,fat
126,74,fat
165,57,normal
134,47,fat
170,60,normal
184,54,thin
142,54,fat
192,39,thin
123,37,normal
153,64,fat
128,43,fat
140,69,fat
